﻿{  
    "shared_item_grid": {
      "type": "array",
      "h_alignment": "horizontal",
	"margin": "0,0,0,0",
      "content": [
  {
          "type": "itemgrid",
            "h_alignment": "stretch",
            "item_margin": "1,2",
            "item_size": 40,
            "rows": [
              [ "job1", "job2", "job3", "job4"]
            ]
          },
        {
					"type": "array",
					"orientation": "horizontal",
					"margin": "0,0,0,0",
					"content": [
						{
							"type": "array",
							"orientation": "vertical",
							"margin": "0,20,0,0",
							"content": [
								{
									"type": "itemgrid",
									"h_alignment": "center",
									"item_margin": "0,-25",
									"item_size": 40,
									"rows": [
										["shard"]
									]
								},
{
									"type": "itemgrid",
									"h_alignment": "center",
									"item_margin": "1,2",
									"rows": [
										[ "earthorb", "fireorb", "waterorb", "airorb","lute"],
										[ "bridge", "ship", "crown", "crystal", "herb"],
										[ "key", "tnt", "canal", "ruby","rod" ],
										[ "canoe", "floater", "tail", "bottle","oxyale"],
                    								[ "slab", "chime", "cube", "adamant","masmune"],
										[ "thor", "opal", "powerG", "white", "ribbon"]
									]
								}
							]
						},
						{
              "type": "array",
              "orientation": "horizontal",
              "margin": "-5,-10,0,0",
              "content": [
                //LINHA
                { 
                  "type": "itemgrid",
                  "h_alignment": "center",
                  "item_margin": "0,0",
                  "rows": [
                    [ "linhaa" ],
                    [ "linhaa" ],
                    [ "linhaa" ],
                    [ "linhaa" ],
                    [ "linhaa" ],
                    [ "linhaa" ],
                    [ "linhaa" ],
                    [ "linhaa" ],
			[ "linhaa" ],
                  ]
                }
              ]
            },
						{
							"type": "array",
							"orientation": "horizontal",
							"margin": "-35,15,0,0",
							"content": [
								{
									"type": "itemgrid",
									"h_alignment": "center",
									"item_margin": "1,5",
									"rows": [
										["garland", "king", "sara", "bikke", "marsh"],
										["marshLocked", "astos", "matoya", "prince", "coneriaLocked"],
										["nerrick", "smith", "earth", "unne", "sarda"],
										["sage", "volcano", "iceCave", "ordeals", "fairy"],
										["seaShrine", "waterfall", "lefein", "skyPalace","shop"]
									]
								}
							]
						}
					]
				}
      ]
    },
    "tracker_capture_item": {
      "type": "container",
      "content": {
        "type": "layout",
        "key": "shared_item_grid"
      }
    },
    "tracker_default": {
      "type": "container",
      "width": 370,
	"height":325,
      "background": "#212121",
      "content": {
        "dropshadow": true,
        "margin": 5,
        "type": "layout",
        "key": "shared_item_grid"
      }
    }
  }