﻿{
    "tracker_broadcast": {
        "type": "array",
        "dropshadow": true,
        "margin": "10",
        "content": [
            {
      "type": "array",
      "h_alignment": "horizontal",
      "content": [
        {
          "type": "itemgrid",
            "h_alignment": "center",
            "item_margin": "1,2",
            "item_size": 40,
            "rows": [
              [ "job1", "job2", "job3", "job4"]
            ]
          },
        {
          "type": "array",
          "orientation": "vertical",
          "margin": "-5,0,0,0",
          "content": [
          {
          "type": "array",
              "orientation": "horizontal",
              "margin": "0,0,0,0",
              "content": [
              {
          "type": "itemgrid",
            "h_alignment": "center",
            "item_margin": "1,2",
            "rows": [
              [ "earthorb", "fireorb", "waterorb", "airorb","lute" ],
              [ "bridge", "ship", "crown", "crystal", "herb"],
              [ "key", "tnt", "canal", "ruby","rod" ],
              [ "canoe", "floater", "tail", "bottle","oxyale"],
                              [ "slab", "chime", "cube", "adamant","masmune"],
              [ "thor", "opal", "powerG", "white", "ribbon"]
            ]
          },
          { 
            "type": "itemgrid",
            "h_alignment": "center",
            "item_margin": "0,0",
            "rows": [
              [ "linhaa" ],
              [ "linhaa" ],
              [ "linhaa" ],
              [ "linhaa" ],
              [ "linhaa" ],
              [ "linhaa" ],
              [ "linhaa" ],
            ]
          },
          {
          "type": "itemgrid",
                  "h_alignment": "center",
                  "margin": "-15,0,0,0",
									"item_margin": "1,2",
									"rows": [
										["garland", "king", "sara", "bikke", "marsh"],
										["marshLocked", "astos", "matoya", "prince", "coneriaLocked"],
										["nerrick", "smith", "earth", "unne", "sarda"],
										["sage", "volcano", "iceCave", "ordeals", "fairy"],
										["seaShrine", "waterfall", "lefein", "skyPalace","shop"]
                  ]
            }
          ]
        }
      ]
    } 
      ]
}
]
}
}
